{"lr": 5.555999999999999e-06, "data_time": 0.013375020027160645, "loss": 2.176793473958969, "time": 4.435503029823304, "iter": 10, "memory": 30090, "step": 10}
