{"lr": 4.9991643334742205e-05, "data_time": 0.013709235191345214, "loss": 1.7087763011455537, "time": 4.159492421150207, "iter": 10, "memory": 30912, "step": 10}
