{"lr": 5.000000000000001e-05, "data_time": 0.015392446517944336, "loss": 2.066156029701233, "time": 4.242507600784302, "iter": 10, "memory": 30138, "step": 10}
