{"lr": 4.9991643334742205e-05, "data_time": 0.014472198486328126, "loss": 1.5007061898708343, "time": 4.354564213752747, "iter": 10, "memory": 30253, "step": 10}
{"lr": 4.969974623692024e-05, "data_time": 0.01597604751586914, "loss": 1.306245756149292, "time": 4.261633276939392, "iter": 20, "memory": 30740, "step": 20}
{"lr": 4.89955858194478e-05, "data_time": 0.015564489364624023, "loss": 1.6348204791545868, "time": 4.333884596824646, "iter": 30, "memory": 30653, "step": 30}
{"lr": 4.7890915219725144e-05, "data_time": 0.015566515922546386, "loss": 0.9277967184782028, "time": 4.305293774604797, "iter": 40, "memory": 30597, "step": 40}
